[
	{
		"image": "products/01.jpg",
		"title": "Product title",
		"description": "Lorem ipsum dolor sit amet consectetur adipisicing, elit. Blanditiis, ducimus.",
		"price": "9,99"
	},
	{
		"image": "products/02.jpg",
		"title": "Product title",
		"description": "Lorem ipsum dolor sit amet consectetur adipisicing, elit. Blanditiis, ducimus.",
		"price": "9,99"
	},
	{
		"image": "products/03.jpg",
		"title": "Product title",
		"description": "Lorem ipsum dolor sit amet consectetur adipisicing, elit. Blanditiis, ducimus.",
		"price": "9,99"
	},
	{
		"image": "products/04.jpg",
		"title": "Product title",
		"description": "Lorem ipsum dolor sit amet consectetur adipisicing, elit. Blanditiis, ducimus.",
		"price": "9,99"
	},
	{
		"image": "products/05.jpg",
		"title": "Product title",
		"description": "Lorem ipsum dolor sit amet consectetur adipisicing, elit. Blanditiis, ducimus.",
		"price": "9,99"
	},
	{
		"image": "products/06.jpg",
		"title": "Product title",
		"description": "Lorem ipsum dolor sit amet consectetur adipisicing, elit. Blanditiis, ducimus.",
		"price": "9,99"
	}
]